"DESCRIPTION","DURATION IN MS","NAME","PARENT SUITE","START TIME","STATUS","STOP TIME","SUB SUITE","SUITE","TEST CLASS","TEST METHOD"
"","2544","Select Combination Of Read And Write Options","chromium","2026-09-06","passed","2026-09-06","QA Playground - Radio And Checkbox Tests > Dynamic Checkbox List","radioAndCheckbox/radioAndCheckbox.spec.js","",""
"","3845","Scenario: Open Tab C","chromium","2026-09-06","passed","2026-09-06","QA Playground - Tabs and Windows Tests > Scenario: Sibling Tabs","tabsAndWindows/tabsAndWindows.spec.js","",""
"","4714","Click Iron Man","chromium","2026-09-06","passed","2026-09-06","QA Playground - Links Tests > Image Links","links/links.spec.js","",""
"","2700","Search Existing ISBN","chromium","2026-09-06","passed","2026-09-06","QA Playground - Data Table - Successful Search Validations","dataTable/dataTable-search.spec.js","",""
"","2384","Book ISBN Ascending Sort","chromium","2026-09-06","passed","2026-09-06","QA Playground - Data Table - Sorting Validation","dataTable/dataTable-sorting.spec.js","",""
"","3059","Escape Key Section","chromium","2026-09-06","passed","2026-09-06","QA Playground - Alerts And Dialogs - Button Text Validations","alertsAndDialogs/alertsAndDialogs-validation.spec.js","",""
"","4321","Delete Book","chromium","2026-09-06","passed","2026-09-06","QA Playground - Data Table - Successful Delete Validations","dataTable/dataTable-deleteBook.spec.js","",""
"","2839","Blank Confirm Password","chromium","2026-09-06","passed","2026-09-06","Account Setup Form Validation","forms/forms-negative.spec.js","",""
"","2770","Append Text and Press Tab","chromium","2026-09-06","passed","2026-09-06","QA Playground - Input Fields Tests > Scenario Append Tab","inputFields/inputFields.spec.js","",""
"","2049","Click Forbidden (403)","chromium","2026-09-06","passed","2026-09-06","QA Playground - Links Tests > API Links","links/links.spec.js","",""
"","2563","Enter Maximum Date","chromium","2026-09-06","passed","2026-09-06","QA Playground - Date Picker Tests > Scenario: Min-Max Dates","datePicker/datePicker.spec.js","",""
"","2923","Enter End Date","chromium","2026-09-06","passed","2026-09-06","QA Playground - Date Picker Tests > Scenario: Date Range","datePicker/datePicker.spec.js","",""
"","3235","Click Do You Know My Size","chromium","2026-09-06","passed","2026-09-06","QA Playground - Buttons Tests > Get Size Section","buttons/buttons.spec.js","",""
"","2849","Click Enter Key","chromium","2026-09-06","passed","2026-09-06","QA Playground - Alerts And Dialogs Tests > Escape Key Section","alertsAndDialogs/alertsAndDialogs.spec.js","",""
"","2114","Get Coordinates Section","chromium","2026-09-06","passed","2026-09-06","QA Playground - Buttons - Default Result Text Validations","buttons/buttons-validation.spec.js","",""
"","2112","Default Value","chromium","2026-09-06","passed","2026-09-06","QA Playground - Radio And Checkbox Tests > Basic Checkbox","radioAndCheckbox/radioAndCheckbox.spec.js","",""
"","2896","Value of Scenario Click Hold when holding the button","chromium","2026-09-06","passed","2026-09-06","QA Playground - Buttons Tests","buttons/buttons.spec.js","",""
"","5198","Switch Back To Original Tab","chromium","2026-09-06","passed","2026-09-06","QA Playground - Tabs and Windows Tests > Scenario: Switch Back","tabsAndWindows/tabsAndWindows.spec.js","",""
"","2948","Blank Email","chromium","2026-09-06","passed","2026-09-06","Login Form Validation","forms/forms-negative.spec.js","",""
"","2330","Validate Genre Options","chromium","2026-09-06","passed","2026-09-06","QA Playground - Data Table - Structure Validation","dataTable/dataTable-structure.spec.js","",""
"","2058","Scenario Internal Links: Home","chromium","2026-09-06","passed","2026-09-06","QA Playground - Links - Href Attribute Validations","links/links-validation.spec.js","",""
"","2008","Scenario: Close a Tab","chromium","2026-09-06","passed","2026-09-06","QA Playground - Tabs and Windows - Default Value Validation","tabsAndWindows/tabsAndWindows-validation.spec.js","",""
"","2002","Multi-Select Heroes","chromium","2026-09-06","passed","2026-09-06","QA Playground - Dropdowns - Default Value Validation","dropdowns/dropdowns-validation.spec.js","",""
"","2750","Book Published Descending Sort","chromium","2026-09-06","passed","2026-09-06","QA Playground - Data Table - Sorting Validation","dataTable/dataTable-sorting.spec.js","",""
"","2561","Security Alert","chromium","2026-09-06","passed","2026-09-06","QA Playground - Alerts And Dialogs Tests > Scoped Dismiss Section","alertsAndDialogs/alertsAndDialogs.spec.js","",""
"","2792","Enter In-Range Date","chromium","2026-09-06","passed","2026-09-06","QA Playground - Date Picker Tests > Scenario: Min-Max Dates","datePicker/datePicker.spec.js","",""
"","3342","Scoped Dismiss: Low Disk Space Section","chromium","2026-09-06","passed","2026-09-06","QA Playground - Alerts And Dialogs - Button Text Validations","alertsAndDialogs/alertsAndDialogs-validation.spec.js","",""
"","3196","Uncheck SMS Alerts","chromium","2026-09-06","passed","2026-09-06","QA Playground - Radio And Checkbox Tests > Sibling Located Controls","radioAndCheckbox/radioAndCheckbox.spec.js","",""
"","2620","Book Author Descending Sort","chromium","2026-09-06","passed","2026-09-06","QA Playground - Data Table - Sorting Validation","dataTable/dataTable-sorting.spec.js","",""
"","1732","Scenario Text Links: Long Text","chromium","2026-09-06","passed","2026-09-06","QA Playground - Links - Href Attribute Validations","links/links-validation.spec.js","",""
"","2644","Search Non-existing Book","chromium","2026-09-06","passed","2026-09-06","QA Playground - Data Table - Unsuccessful Search Validations","dataTable/dataTable-search.spec.js","",""
"","1859","Scenario: Switch Back to Original Tab","chromium","2026-09-06","passed","2026-09-06","QA Playground - Tabs and Windows - Default Value Validation","tabsAndWindows/tabsAndWindows-validation.spec.js","",""
"","3517","Successful Address","chromium","2026-09-06","passed","2026-09-06","QA Playground - Forms Tests > Address Form","forms/forms-positive.spec.js","",""
"","2216","Disabled Section","chromium","2026-09-06","passed","2026-09-06","QA Playground - Buttons - Button Text Validations","buttons/buttons-validation.spec.js","",""
"","3574","Select City","chromium","2026-09-06","passed","2026-09-06","QA Playground - Dropdowns Tests > Searchable City","dropdowns/dropdowns.spec.js","",""
"","1667","Right Click Section","chromium","2026-09-06","passed","2026-09-06","QA Playground - Buttons - Button Text Validations","buttons/buttons-validation.spec.js","",""
"","2002","Scenario Radio Button Group","chromium","2026-09-06","passed","2026-09-06","QA Playground - Radio And Checkbox - Option Label Validations","radioAndCheckbox/radioAndCheckbox-validation.spec.js","",""
"","1772","Double Click Section","chromium","2026-09-06","passed","2026-09-06","QA Playground - Buttons - Button Text Validations","buttons/buttons-validation.spec.js","",""
"","3353","Enter Out-Range Date","chromium","2026-09-06","passed","2026-09-06","QA Playground - Date Picker Tests > Scenario: Min-Max Dates","datePicker/datePicker.spec.js","",""
"","2253","Click Bad Request (400)","chromium","2026-09-06","passed","2026-09-06","QA Playground - Links Tests > API Links","links/links.spec.js","",""
"","3769","Select All","chromium","2026-09-06","passed","2026-09-06","QA Playground - Radio And Checkbox Tests > Checkbox Group","radioAndCheckbox/radioAndCheckbox.spec.js","",""
"","3124","Blank Address","chromium","2026-09-06","passed","2026-09-06","Address Form Validation","forms/forms-negative.spec.js","",""
"","2349","Scenario: Calendar Open & Select","chromium","2026-09-06","passed","2026-09-06","QA Playground - Date Picker - Default Value Validation","datePicker/datePicker-validation.spec.js","",""
"","2772","Enter Appointment Date","chromium","2026-09-06","passed","2026-09-06","QA Playground - Date Picker Tests > Scenario: Sibling Date Field","datePicker/datePicker.spec.js","",""
"","5452","Validate New Tab URL and Title","chromium","2026-09-06","passed","2026-09-06","QA Playground - Tabs and Windows Tests > Scenario: Assert Tab","tabsAndWindows/tabsAndWindows.spec.js","",""
"","3236","Click Esc Key","chromium","2026-09-06","passed","2026-09-06","QA Playground - Alerts And Dialogs Tests > Escape Key Section","alertsAndDialogs/alertsAndDialogs.spec.js","",""
"","1866","Scenario Assert State","chromium","2026-09-06","passed","2026-09-06","QA Playground - Radio And Checkbox - Default Result Text Validations","radioAndCheckbox/radioAndCheckbox-validation.spec.js","",""
"","2382","Scenario: Date Range Picker","chromium","2026-09-06","passed","2026-09-06","QA Playground - Date Picker - Default Value Validation","datePicker/datePicker-validation.spec.js","",""
"","2126","Default Value of Scenario Read-only Input","chromium","2026-09-06","passed","2026-09-06","QA Playground - Input Fields Default Value Validations","inputFields/inputFields-validation.spec.js","",""
"","2148","Click Not Found (404)","chromium","2026-09-06","passed","2026-09-06","QA Playground - Links Tests > API Links","links/links.spec.js","",""
"","2030","Scenario Broken Links","chromium","2026-09-06","passed","2026-09-06","QA Playground - Links - Default Result Text Validations","links/links-validation.spec.js","",""
"","1765","Scenario Internal Links: About Us","chromium","2026-09-06","passed","2026-09-06","QA Playground - Links - Href Attribute Validations","links/links-validation.spec.js","",""
"","2207","Select Country options","chromium","2026-09-06","passed","2026-09-06","QA Playground - Dropdowns Options Validation","dropdowns/dropdowns-validation.spec.js","",""
"","3162","Unchecked Terms and Conditions","chromium","2026-09-06","passed","2026-09-06","Account Setup Form Validation","forms/forms-negative.spec.js","",""
"","2173","Scenario: Dynamic Tab Registry","chromium","2026-09-06","passed","2026-09-06","QA Playground - Tabs and Windows - Default Value Validation","tabsAndWindows/tabsAndWindows-validation.spec.js","",""
"","2888","Custom Priority options","chromium","2026-09-06","passed","2026-09-06","QA Playground - Dropdowns Options Validation","dropdowns/dropdowns-validation.spec.js","",""
"","3992","Book Name Required Validation","chromium","2026-09-06","passed","2026-09-06","QA Playground - Data Table - Unsuccessful Add Book Validations","dataTable/dataTable-addBook.spec.js","",""
"","2488","Select Starter","chromium","2026-09-06","passed","2026-09-06","QA Playground - Radio And Checkbox Tests > Radio Button Group","radioAndCheckbox/radioAndCheckbox.spec.js","",""
"","2560","Cancel Stay Section","chromium","2026-09-06","passed","2026-09-06","QA Playground - Alerts And Dialogs - Default Result Text Validations","alertsAndDialogs/alertsAndDialogs-validation.spec.js","",""
"","2194","Check Accept Terms","chromium","2026-09-06","passed","2026-09-06","QA Playground - Radio And Checkbox Tests > Basic Checkbox","radioAndCheckbox/radioAndCheckbox.spec.js","",""
"","2665","Click Assert Disabled State","chromium","2026-09-06","passed","2026-09-06","QA Playground - Radio And Checkbox Tests > Disabled Controls","radioAndCheckbox/radioAndCheckbox.spec.js","",""
"","2579","Click Button","chromium","2026-09-06","passed","2026-09-06","QA Playground - Buttons Tests > Double Click Section","buttons/buttons.spec.js","",""
"","2603","Select Read Reports","chromium","2026-09-06","passed","2026-09-06","QA Playground - Radio And Checkbox Tests > Dynamic Checkbox List","radioAndCheckbox/radioAndCheckbox.spec.js","",""
"","5643","Cancel Book Name Update","chromium","2026-09-06","passed","2026-09-06","QA Playground - Data Table - Cancel Edit Validation","dataTable/dataTable-editBook.spec.js","",""
"","2098","Custom Priority","chromium","2026-09-06","passed","2026-09-06","QA Playground - Dropdowns - Default Value Validation","dropdowns/dropdowns-validation.spec.js","",""
"","2838","Searchable City options","chromium","2026-09-06","passed","2026-09-06","QA Playground - Dropdowns Options Validation","dropdowns/dropdowns-validation.spec.js","",""
"","1833","Scenario Checkbox Group","chromium","2026-09-06","passed","2026-09-06","QA Playground - Radio And Checkbox - Default Result Text Validations","radioAndCheckbox/radioAndCheckbox-validation.spec.js","",""
"","2751","Assert Content Section","chromium","2026-09-06","passed","2026-09-06","QA Playground - Alerts And Dialogs - Modal Content Validations","alertsAndDialogs/alertsAndDialogs-validation.spec.js","",""
"","2328","Select Fruit options","chromium","2026-09-06","passed","2026-09-06","QA Playground - Dropdowns Options Validation","dropdowns/dropdowns-validation.spec.js","",""
"","3544","Click Home","chromium","2026-09-06","passed","2026-09-06","QA Playground - Links Tests > Internal Links","links/links.spec.js","",""
"","2428","Click Cancel","chromium","2026-09-06","passed","2026-09-06","QA Playground - Alerts And Dialogs Tests > Confirm Action Section","alertsAndDialogs/alertsAndDialogs.spec.js","",""
"","2482","Scoped Dismiss: Session Expiring Soon Section","chromium","2026-09-06","passed","2026-09-06","QA Playground - Alerts And Dialogs - Button Text Validations","alertsAndDialogs/alertsAndDialogs-validation.spec.js","",""
"","2739","Validate Genre filter reduces visible rows to the selected genre only","chromium","2026-09-06","passed","2026-09-06","QA Playground - Data Table - Structure Validation","dataTable/dataTable-structure.spec.js","",""
"","1879","Default Value of Scenario Read Value","chromium","2026-09-06","passed","2026-09-06","QA Playground - Input Fields Default Value Validations","inputFields/inputFields-validation.spec.js","",""
"","2988","Click Leave","chromium","2026-09-06","passed","2026-09-06","QA Playground - Alerts And Dialogs Tests > Cancel Stay Section","alertsAndDialogs/alertsAndDialogs.spec.js","",""
"","2749","Search Existing Book Name","chromium","2026-09-06","passed","2026-09-06","QA Playground - Data Table - Successful Search Validations","dataTable/dataTable-search.spec.js","",""
"","2497","Default Value","chromium","2026-09-06","passed","2026-09-06","QA Playground - Radio And Checkbox Tests > Sibling Located Controls","radioAndCheckbox/radioAndCheckbox.spec.js","",""
"","2350","Scenario Basic Checkbox","chromium","2026-09-06","passed","2026-09-06","QA Playground - Radio And Checkbox - Option Label Validations","radioAndCheckbox/radioAndCheckbox-validation.spec.js","",""
"","3185","Password Is Less Than 6 Characters","chromium","2026-09-06","passed","2026-09-06","Account Setup Form Validation","forms/forms-negative.spec.js","",""
"","3269","Enter Start Date","chromium","2026-09-06","passed","2026-09-06","QA Playground - Date Picker Tests > Scenario: Date Range","datePicker/datePicker.spec.js","",""
"","3817","Click And Hold for more than 1.5 sec","chromium","2026-09-06","passed","2026-09-06","QA Playground - Buttons Tests > Click Hold Section","buttons/buttons.spec.js","",""
"","2847","Search Existing Book Name With Correct Genre","chromium","2026-09-06","passed","2026-09-06","QA Playground - Data Table - Successful Search Validations","dataTable/dataTable-search.spec.js","",""
"","3762","Phone Is Less Than 10 Digits","chromium","2026-09-06","passed","2026-09-06","Personal Details Form Validation","forms/forms-negative.spec.js","",""
"","1890","Default Value of Scenario Disabled Input","chromium","2026-09-06","passed","2026-09-06","QA Playground - Input Fields Default Value Validations","inputFields/inputFields-validation.spec.js","",""
"","2558","Validate Default Total Rows","chromium","2026-09-06","passed","2026-09-06","QA Playground - Data Table - Structure Validation","dataTable/dataTable-structure.spec.js","",""
"","2750","Select All Read Options","chromium","2026-09-06","passed","2026-09-06","QA Playground - Radio And Checkbox Tests > Dynamic Checkbox List","radioAndCheckbox/radioAndCheckbox.spec.js","",""
"","2536","Login Section Placeholder","chromium","2026-09-06","passed","2026-09-06","QA Playground - Forms Placeholder Validations","forms/forms-placeholder.spec.js","",""
"","1923","Get Size Section","chromium","2026-09-06","passed","2026-09-06","QA Playground - Buttons - Default Result Text Validations","buttons/buttons-validation.spec.js","",""
"","2186","Default Value of Scenario Type Movie","chromium","2026-09-06","passed","2026-09-06","QA Playground - Input Fields Default Value Validations","inputFields/inputFields-validation.spec.js","",""
"","2588","Focus after pressing Tab","chromium","2026-09-06","passed","2026-09-06","QA Playground - Input Fields Tests > Scenario Append Tab","inputFields/inputFields.spec.js","",""
"","5391","Edit ISBN Successfully","chromium","2026-09-06","passed","2026-09-06","QA Playground - Data Table - Successful Edit Validations","dataTable/dataTable-editBook.spec.js","",""
"","3328","Select Next Month","chromium","2026-09-06","passed","2026-09-06","QA Playground - Date Picker Tests > Scenario: Month Navigation","datePicker/datePicker.spec.js","",""
"","5428","Cancel Author Update","chromium","2026-09-06","passed","2026-09-06","QA Playground - Data Table - Cancel Edit Validation","dataTable/dataTable-editBook.spec.js","",""
"","2045","Multi-Select Heroes options","chromium","2026-09-06","passed","2026-09-06","QA Playground - Dropdowns Options Validation","dropdowns/dropdowns-validation.spec.js","",""
"","2850","Click Tab Key","chromium","2026-09-06","passed","2026-09-06","QA Playground - Alerts And Dialogs Tests > Escape Key Section","alertsAndDialogs/alertsAndDialogs.spec.js","",""
"","2669","Click Go To Home","chromium","2026-09-06","passed","2026-09-06","QA Playground - Buttons Tests > Navigate Home Section","buttons/buttons.spec.js","",""
"","2778","Click Home Button","chromium","2026-09-06","passed","2026-09-06","QA Playground - Links Tests > Button Links","links/links.spec.js","",""
"","2193","Scenario Text Links: Garbled 1","chromium","2026-09-06","passed","2026-09-06","QA Playground - Links - Href Attribute Validations","links/links-validation.spec.js","",""
"","3026","Confirm Action Section","chromium","2026-09-06","passed","2026-09-06","QA Playground - Alerts And Dialogs - Modal Content Validations","alertsAndDialogs/alertsAndDialogs-validation.spec.js","",""
"","2176","Click Hold Section","chromium","2026-09-06","passed","2026-09-06","QA Playground - Buttons - Button Text Validations","buttons/buttons-validation.spec.js","",""
"","2485","Backdrop Click Section","chromium","2026-09-06","passed","2026-09-06","QA Playground - Alerts And Dialogs - Modal Content Validations","alertsAndDialogs/alertsAndDialogs-validation.spec.js","",""
"","2327","Disabled Checkbox","chromium","2026-09-06","passed","2026-09-06","QA Playground - Radio And Checkbox Tests > Disabled Controls","radioAndCheckbox/radioAndCheckbox.spec.js","",""
"","1968","Destructive Confirm Section","chromium","2026-09-06","passed","2026-09-06","QA Playground - Alerts And Dialogs - Default Result Text Validations","alertsAndDialogs/alertsAndDialogs-validation.spec.js","",""
"","2703","Select Evening","chromium","2026-09-06","passed","2026-09-06","QA Playground - Date Picker Tests > Scenario: Date Cards","datePicker/datePicker.spec.js","",""
"","2596","Published Field","chromium","2026-09-06","passed","2026-09-06","QA Playground - Data Table - Add Book Modal Placeholder Validations","dataTable/dataTable-addBook.spec.js","",""
"","2569","Type a Movie Name","chromium","2026-09-06","passed","2026-09-06","QA Playground - Input Fields Tests > Scenario Type Movie","inputFields/inputFields.spec.js","",""
"","3279","Blank About You","chromium","2026-09-06","passed","2026-09-06","QA Playground - Forms Tests > Address Form","forms/forms-positive.spec.js","",""
"","2072","Scenario External Links: Complete Course","chromium","2026-09-06","passed","2026-09-06","QA Playground - Links - Target Attribute Validations","links/links-validation.spec.js","",""
"","24604","Click Automation Notes","chromium","2026-09-06","passed","2026-09-06","QA Playground - Links Tests > External Links","links/links.spec.js","",""
"","2412","Default Value of Scenario Append Tab","chromium","2026-09-06","passed","2026-09-06","QA Playground - Input Fields Default Value Validations","inputFields/inputFields-validation.spec.js","",""
"","1928","Scenario External Links: Automation Notes","chromium","2026-09-06","passed","2026-09-06","QA Playground - Links - Href Attribute Validations","links/links-validation.spec.js","",""
"","2925","Click Button","chromium","2026-09-06","passed","2026-09-06","QA Playground - Buttons Tests > Right Click Section","buttons/buttons.spec.js","",""
"","2508","Scenario: Sibling-Located Date Fields","chromium","2026-09-06","passed","2026-09-06","QA Playground - Date Picker - Default Value Validation","datePicker/datePicker-validation.spec.js","",""
"","3992","Add New Book","chromium","2026-09-06","passed","2026-09-06","QA Playground - Data Table - Successful Add Book Validations","dataTable/dataTable-addBook.spec.js","",""
"","2331","Scenario Sibling Located Controls","chromium","2026-09-06","passed","2026-09-06","QA Playground - Radio And Checkbox - Option Label Validations","radioAndCheckbox/radioAndCheckbox-validation.spec.js","",""
"","2636","Select Write Reports","chromium","2026-09-06","passed","2026-09-06","QA Playground - Radio And Checkbox Tests > Dynamic Checkbox List","radioAndCheckbox/radioAndCheckbox.spec.js","",""
"","2412","Assert Content Section","chromium","2026-09-06","passed","2026-09-06","QA Playground - Alerts And Dialogs - Default Result Text Validations","alertsAndDialogs/alertsAndDialogs-validation.spec.js","",""
"","3077","Book Name Descending Sort","chromium","2026-09-06","passed","2026-09-06","QA Playground - Data Table - Sorting Validation","dataTable/dataTable-sorting.spec.js","",""
"","5456","Close Opened Tab","chromium","2026-09-06","passed","2026-09-06","QA Playground - Tabs and Windows Tests > Scenario: Close Tab","tabsAndWindows/tabsAndWindows.spec.js","",""
"","5359","Cancel Published Update","chromium","2026-09-06","passed","2026-09-06","QA Playground - Data Table - Cancel Edit Validation","dataTable/dataTable-editBook.spec.js","",""
"","2019","Assert Content Section","chromium","2026-09-06","passed","2026-09-06","QA Playground - Alerts And Dialogs - Button Text Validations","alertsAndDialogs/alertsAndDialogs-validation.spec.js","",""
"","1808","Click Create User (201)","chromium","2026-09-06","passed","2026-09-06","QA Playground - Links Tests > API Links","links/links.spec.js","",""
"","2629","Enter Minimum Date","chromium","2026-09-06","passed","2026-09-06","QA Playground - Date Picker Tests > Scenario: Min-Max Dates","datePicker/datePicker.spec.js","",""
"","3798","Personal Details Form Reset Button","chromium","2026-09-06","passed","2026-09-06","QA Playground - Forms Reset Validations","forms/forms-reset.spec.js","",""
"","2900","Scoped Dismiss: Low Disk Space Section","chromium","2026-09-06","passed","2026-09-06","QA Playground - Alerts And Dialogs - Modal Content Validations","alertsAndDialogs/alertsAndDialogs-validation.spec.js","",""
"","2178","Select Country","chromium","2026-09-06","passed","2026-09-06","QA Playground - Dropdowns - Default Value Validation","dropdowns/dropdowns-validation.spec.js","",""
"","2716","Select Language","chromium","2026-09-06","passed","2026-09-06","QA Playground - Dropdowns Tests > Language Dropdown","dropdowns/dropdowns.spec.js","",""
"","2935","Click Find My Color","chromium","2026-09-06","passed","2026-09-06","QA Playground - Buttons Tests > Get Color Section","buttons/buttons.spec.js","",""
"","2454","Book Author Ascending Sort","chromium","2026-09-06","passed","2026-09-06","QA Playground - Data Table - Sorting Validation","dataTable/dataTable-sorting.spec.js","",""
"","1965","Scenario Image Links: Iron Man","chromium","2026-09-06","passed","2026-09-06","QA Playground - Links - Href Attribute Validations","links/links-validation.spec.js","",""
"","2323","Address Section Placeholder","chromium","2026-09-06","passed","2026-09-06","QA Playground - Forms Placeholder Validations","forms/forms-placeholder.spec.js","",""
"","1746","Get Color Section","chromium","2026-09-06","passed","2026-09-06","QA Playground - Buttons - Default Result Text Validations","buttons/buttons-validation.spec.js","",""
"","2070","Scenario Scoped Card Controls","chromium","2026-09-06","passed","2026-09-06","QA Playground - Radio And Checkbox - Option Label Validations","radioAndCheckbox/radioAndCheckbox-validation.spec.js","",""
"","5315","Cancel Delete Book","chromium","2026-09-06","passed","2026-09-06","QA Playground - Data Table - Successful Delete Validations","dataTable/dataTable-deleteBook.spec.js","",""
"","6116","Click Open And Assert","chromium","2026-09-06","passed","2026-09-06","QA Playground - Tabs and Windows Tests > Scenario: Assert Tab","tabsAndWindows/tabsAndWindows.spec.js","",""
"","2542","Select Enterprise","chromium","2026-09-06","passed","2026-09-06","QA Playground - Radio And Checkbox Tests > Scoped Card Controls","radioAndCheckbox/radioAndCheckbox.spec.js","",""
"","1604","Click No Content (204)","chromium","2026-09-06","passed","2026-09-06","QA Playground - Links Tests > API Links","links/links.spec.js","",""
"","3598","Interests Form Reset Button","chromium","2026-09-06","passed","2026-09-06","QA Playground - Forms Reset Validations","forms/forms-reset.spec.js","",""
"","2039","Scenario Broken Links: New Tab","chromium","2026-09-06","passed","2026-09-06","QA Playground - Links - Href Attribute Validations","links/links-validation.spec.js","",""
"","2182","Click Moved (301)","chromium","2026-09-06","passed","2026-09-06","QA Playground - Links Tests > API Links","links/links.spec.js","",""
"","2112","Searchable City","chromium","2026-09-06","passed","2026-09-06","QA Playground - Dropdowns - Default Value Validation","dropdowns/dropdowns-validation.spec.js","",""
"","2081","Click Anchor Text","chromium","2026-09-06","passed","2026-09-06","QA Playground - Links Tests > Text Links","links/links.spec.js","",""
"","2223","Right Click Button","chromium","2026-09-06","passed","2026-09-06","QA Playground - Buttons Tests > Double Click Section","buttons/buttons.spec.js","",""
"","3145","Click Confirm","chromium","2026-09-06","passed","2026-09-06","QA Playground - Alerts And Dialogs Tests > Confirm Action Section","alertsAndDialogs/alertsAndDialogs.spec.js","",""
"","4103","Validate New Book Not Created When Cancel Is Clicked","chromium","2026-09-06","passed","2026-09-06","QA Playground - Data Table - Unsuccessful Add Book Validations","dataTable/dataTable-addBook.spec.js","",""
"","2031","Click Broken Image","chromium","2026-09-06","passed","2026-09-06","QA Playground - Links Tests > Image Links","links/links.spec.js","",""
"","2166","Default Value","chromium","2026-09-06","passed","2026-09-06","QA Playground - Radio And Checkbox Tests > Dynamic Checkbox List","radioAndCheckbox/radioAndCheckbox.spec.js","",""
"","2961","Blank Country","chromium","2026-09-06","passed","2026-09-06","Address Form Validation","forms/forms-negative.spec.js","",""
"","2192","Scenario Button Links: Home Button","chromium","2026-09-06","passed","2026-09-06","QA Playground - Links - Href Attribute Validations","links/links-validation.spec.js","",""
"","1794","Scenario Broken Links: New Tab","chromium","2026-09-06","passed","2026-09-06","QA Playground - Links - Target Attribute Validations","links/links-validation.spec.js","",""
"","2302","Scenario: Window Popup","chromium","2026-09-06","passed","2026-09-06","QA Playground - Tabs and Windows - Default Value Validation","tabsAndWindows/tabsAndWindows-validation.spec.js","",""
"","1707","Scenario Image Links: Iron Man","chromium","2026-09-06","passed","2026-09-06","QA Playground - Links - Target Attribute Validations","links/links-validation.spec.js","",""
"","1928","Navigate Home Section","chromium","2026-09-06","passed","2026-09-06","QA Playground - Buttons - Default Result Text Validations","buttons/buttons-validation.spec.js","",""
"","2255","Scenario Internal Links","chromium","2026-09-06","passed","2026-09-06","QA Playground - Links - Default Result Text Validations","links/links-validation.spec.js","",""
"","3127","Successful Interests Form","chromium","2026-09-06","passed","2026-09-06","QA Playground - Forms Tests > Interests Form","forms/forms-positive.spec.js","",""
"","2675","Click Broken Link Button","chromium","2026-09-06","passed","2026-09-06","QA Playground - Links Tests > Button Links","links/links.spec.js","",""
"","3337","Clearing Search Restores All Rows And Resets Pagination","chromium","2026-09-06","passed","2026-09-06","QA Playground - Data Table - Search State Validation","dataTable/dataTable-search.spec.js","",""
"","3348","Blank Date Of Birth","chromium","2026-09-06","passed","2026-09-06","Personal Details Form Validation","forms/forms-negative.spec.js","",""
"","1980","Disabled Section","chromium","2026-09-06","passed","2026-09-06","QA Playground - Buttons - Default Result Text Validations","buttons/buttons-validation.spec.js","",""
"","1993","Scenario Broken Links: Same Tab","chromium","2026-09-06","passed","2026-09-06","QA Playground - Links - Href Attribute Validations","links/links-validation.spec.js","",""
"","3186","One Interest selected","chromium","2026-09-06","passed","2026-09-06","QA Playground - Forms Tests > Interests Form","forms/forms-positive.spec.js","",""
"","2331","Scenario External Links","chromium","2026-09-06","passed","2026-09-06","QA Playground - Links - Default Result Text Validations","links/links-validation.spec.js","",""
"","2617","Enter Return Date","chromium","2026-09-06","passed","2026-09-06","QA Playground - Date Picker Tests > Scenario: Sibling Date Field","datePicker/datePicker.spec.js","",""
"","1814","Scenario Text Links: Anchor Text","chromium","2026-09-06","passed","2026-09-06","QA Playground - Links - Href Attribute Validations","links/links-validation.spec.js","",""
"","3214","Click Assert Date","chromium","2026-09-06","passed","2026-09-06","QA Playground - Date Picker Tests > Scenario: Dynamic Datet","datePicker/datePicker.spec.js","",""
"","2934","Click And Hold for less than 1.5 sec","chromium","2026-09-06","passed","2026-09-06","QA Playground - Buttons Tests > Click Hold Section","buttons/buttons.spec.js","",""
"","2829","Invalid Email","chromium","2026-09-06","passed","2026-09-06","Login Form Validation","forms/forms-negative.spec.js","",""
"","2063","Scenario Checkbox Group","chromium","2026-09-06","passed","2026-09-06","QA Playground - Radio And Checkbox - Option Label Validations","radioAndCheckbox/radioAndCheckbox-validation.spec.js","",""
"","1823","Click Hold Section","chromium","2026-09-06","passed","2026-09-06","QA Playground - Buttons - Default Result Text Validations","buttons/buttons-validation.spec.js","",""
"","2996","Blank Interest","chromium","2026-09-06","passed","2026-09-06","Interest Form Validation","forms/forms-negative.spec.js","",""
"","2670","Select Selenium","chromium","2026-09-06","passed","2026-09-06","QA Playground - Radio And Checkbox Tests > Checkbox Group","radioAndCheckbox/radioAndCheckbox.spec.js","",""
"","1792","Scenario Radio Group","chromium","2026-09-06","passed","2026-09-06","QA Playground - Radio And Checkbox - Default Result Text Validations","radioAndCheckbox/radioAndCheckbox-validation.spec.js","",""
"","5938","Edit Book Name Successfully","chromium","2026-09-06","passed","2026-09-06","QA Playground - Data Table - Successful Edit Validations","dataTable/dataTable-editBook.spec.js","",""
"","2821","Low Disk Space","chromium","2026-09-06","passed","2026-09-06","QA Playground - Alerts And Dialogs Tests > Scoped Dismiss Section","alertsAndDialogs/alertsAndDialogs.spec.js","",""
"","4759","Scenario: Open Tab A","chromium","2026-09-06","passed","2026-09-06","QA Playground - Tabs and Windows Tests > Scenario: Sibling Tabs","tabsAndWindows/tabsAndWindows.spec.js","",""
"","2127","Get Coordinates Section","chromium","2026-09-06","passed","2026-09-06","QA Playground - Buttons - Button Text Validations","buttons/buttons-validation.spec.js","",""
"","3371","Click New Tab","chromium","2026-09-06","passed","2026-09-06","QA Playground - Links Tests > Broken Links","links/links.spec.js","",""
"","1867","Scenario Disabled","chromium","2026-09-06","passed","2026-09-06","QA Playground - Radio And Checkbox - Default Result Text Validations","radioAndCheckbox/radioAndCheckbox-validation.spec.js","",""
"","2552","Scoped Dismiss: Security Alert Section","chromium","2026-09-06","passed","2026-09-06","QA Playground - Alerts And Dialogs - Modal Content Validations","alertsAndDialogs/alertsAndDialogs-validation.spec.js","",""
"","3626","Successful Account Setup","chromium","2026-09-06","passed","2026-09-06","QA Playground - Forms Tests > Account Setup Form","forms/forms-positive.spec.js","",""
"","3637","Blank Last Name","chromium","2026-09-06","passed","2026-09-06","Personal Details Form Validation","forms/forms-negative.spec.js","",""
"","3268","Scenario: Click Tab B Focus","chromium","2026-09-06","passed","2026-09-06","QA Playground - Tabs and Windows Tests > Scenario: Dynamic","tabsAndWindows/tabsAndWindows.spec.js","",""
"","3085","Click Inside Of Modal","chromium","2026-09-06","passed","2026-09-06","QA Playground - Alerts And Dialogs Tests > Backdrop Click Section","alertsAndDialogs/alertsAndDialogs.spec.js","",""
"","2812","Blank Personal Details","chromium","2026-09-06","passed","2026-09-06","Personal Details Form Validation","forms/forms-negative.spec.js","",""
"","2364","Book Genre Ascending Sort","chromium","2026-09-06","passed","2026-09-06","QA Playground - Data Table - Sorting Validation","dataTable/dataTable-sorting.spec.js","",""
"","1175","Scenario: Click Tab C Focus","chromium","2026-09-06","passed","2026-09-06","QA Playground - Tabs and Windows Tests > Scenario: Dynamic","tabsAndWindows/tabsAndWindows.spec.js","",""
"","2222","Account Setup Section Placeholder","chromium","2026-09-06","passed","2026-09-06","QA Playground - Forms Placeholder Validations","forms/forms-placeholder.spec.js","",""
"","3468","Blank Gender","chromium","2026-09-06","passed","2026-09-06","Personal Details Form Validation","forms/forms-negative.spec.js","",""
"","2709","Scoped Dismiss: Session Expiring Soon Section","chromium","2026-09-06","passed","2026-09-06","QA Playground - Alerts And Dialogs - Modal Content Validations","alertsAndDialogs/alertsAndDialogs-validation.spec.js","",""
"","2765","Select Business","chromium","2026-09-06","passed","2026-09-06","QA Playground - Radio And Checkbox Tests > Radio Button Group","radioAndCheckbox/radioAndCheckbox.spec.js","",""
"","3054","Check Weekly Digest","chromium","2026-09-06","passed","2026-09-06","QA Playground - Radio And Checkbox Tests > Sibling Located Controls","radioAndCheckbox/radioAndCheckbox.spec.js","",""
"","2563","Double Click Button","chromium","2026-09-06","passed","2026-09-06","QA Playground - Buttons Tests > Right Click Section","buttons/buttons.spec.js","",""
"","2893","Click Cancel","chromium","2026-09-06","passed","2026-09-06","QA Playground - Alerts And Dialogs Tests > Destructive Confirm Section","alertsAndDialogs/alertsAndDialogs.spec.js","",""
"","2953","Close Info Dialog Section","chromium","2026-09-06","passed","2026-09-06","QA Playground - Alerts And Dialogs - Button Text Validations","alertsAndDialogs/alertsAndDialogs-validation.spec.js","",""
"","2619","Check Marketing Emails","chromium","2026-09-06","passed","2026-09-06","QA Playground - Radio And Checkbox Tests > Sibling Located Controls","radioAndCheckbox/radioAndCheckbox.spec.js","",""
"","2688","Search Existing Published","chromium","2026-09-06","passed","2026-09-06","QA Playground - Data Table - Unsuccessful Search Validations","dataTable/dataTable-search.spec.js","",""
"","2234","Scenario Dynamic Checkbox List","chromium","2026-09-06","passed","2026-09-06","QA Playground - Radio And Checkbox - Option Label Validations","radioAndCheckbox/radioAndCheckbox-validation.spec.js","",""
"","4811","Click Open New Tab","chromium","2026-09-06","passed","2026-09-06","QA Playground - Tabs and Windows Tests > Scenario: Switch Back","tabsAndWindows/tabsAndWindows.spec.js","",""
"","5049","Click Open In New Tab","chromium","2026-09-06","passed","2026-09-06","QA Playground - Tabs and Windows Tests > Scenario: New Tab","tabsAndWindows/tabsAndWindows.spec.js","",""
"","3145","Confirm Action Section","chromium","2026-09-06","passed","2026-09-06","QA Playground - Alerts And Dialogs - Button Text Validations","alertsAndDialogs/alertsAndDialogs-validation.spec.js","",""
"","2321","Disabled Radio Button","chromium","2026-09-06","passed","2026-09-06","QA Playground - Radio And Checkbox Tests > Disabled Controls","radioAndCheckbox/radioAndCheckbox.spec.js","",""
"","2877","Select Playwright","chromium","2026-09-06","passed","2026-09-06","QA Playground - Radio And Checkbox Tests > Checkbox Group","radioAndCheckbox/radioAndCheckbox.spec.js","",""
"","1922","Scenario Cards","chromium","2026-09-06","passed","2026-09-06","QA Playground - Radio And Checkbox - Default Result Text Validations","radioAndCheckbox/radioAndCheckbox-validation.spec.js","",""
"","2433","Double Click Button","chromium","2026-09-06","passed","2026-09-06","QA Playground - Buttons Tests > Double Click Section","buttons/buttons.spec.js","",""
"","3945","All Interests selected","chromium","2026-09-06","passed","2026-09-06","QA Playground - Forms Tests > Interests Form","forms/forms-positive.spec.js","",""
"","3380","Blank Phone","chromium","2026-09-06","passed","2026-09-06","Personal Details Form Validation","forms/forms-negative.spec.js","",""
"","2315","Validate All values in the Book ISBN column start with ISBN-","chromium","2026-09-06","passed","2026-09-06","QA Playground - Data Table - Structure Validation","dataTable/dataTable-structure.spec.js","",""
"","1613","Scenario Broken Links: Empty Href","chromium","2026-09-06","passed","2026-09-06","QA Playground - Links - Href Attribute Validations","links/links-validation.spec.js","",""
"","1761","Click Long Text","chromium","2026-09-06","passed","2026-09-06","QA Playground - Links Tests > Text Links","links/links.spec.js","",""
"","2501","Author Field","chromium","2026-09-06","passed","2026-09-06","QA Playground - Data Table - Add Book Modal Placeholder Validations","dataTable/dataTable-addBook.spec.js","",""
"","3248","Click Garbled 1","chromium","2026-09-06","passed","2026-09-06","QA Playground - Links Tests > Text Links","links/links.spec.js","",""
"","2459","Personal Details Section Placeholder","chromium","2026-09-06","passed","2026-09-06","QA Playground - Forms Placeholder Validations","forms/forms-placeholder.spec.js","",""
"","3142","Click Stay","chromium","2026-09-06","passed","2026-09-06","QA Playground - Alerts And Dialogs Tests > Cancel Stay Section","alertsAndDialogs/alertsAndDialogs.spec.js","",""
"","3054","Book Name Ascending Sort","chromium","2026-09-06","passed","2026-09-06","QA Playground - Data Table - Sorting Validation","dataTable/dataTable-sorting.spec.js","",""
"","2152","Scenario Dynamic","chromium","2026-09-06","passed","2026-09-06","QA Playground - Radio And Checkbox - Default Result Text Validations","radioAndCheckbox/radioAndCheckbox-validation.spec.js","",""
"","5892","Cancel Genre Update","chromium","2026-09-06","passed","2026-09-06","QA Playground - Data Table - Cancel Edit Validation","dataTable/dataTable-editBook.spec.js","",""
"","3914","Select All Options","chromium","2026-09-06","passed","2026-09-06","QA Playground - Radio And Checkbox Tests > Dynamic Checkbox List","radioAndCheckbox/radioAndCheckbox.spec.js","",""
"","2355","Validate Previous Button Disabled On First Page","chromium","2026-09-06","passed","2026-09-06","QA Playground - Data Table Pagination Validation","dataTable/dataTable-pagination.spec.js","",""
"","2742","Escape Key Section","chromium","2026-09-06","passed","2026-09-06","QA Playground - Alerts And Dialogs - Modal Content Validations","alertsAndDialogs/alertsAndDialogs-validation.spec.js","",""
"","3181","Login Form Reset Button","chromium","2026-09-06","passed","2026-09-06","QA Playground - Forms Reset Validations","forms/forms-reset.spec.js","",""
"","3664","Successful Personal Details","chromium","2026-09-06","passed","2026-09-06","QA Playground - Forms Tests > Personal Details Form","forms/forms-positive.spec.js","",""
"","3014","Entered text will be cleared","chromium","2026-09-06","passed","2026-09-06","QA Playground - Input Fields Tests > Scenario Clear Field","inputFields/inputFields.spec.js","",""
"","2237","No movie entered","chromium","2026-09-06","passed","2026-09-06","QA Playground - Input Fields Tests > Scenario Type Movie","inputFields/inputFields.spec.js","",""
"","2968","Click Outside Of Modal","chromium","2026-09-06","passed","2026-09-06","QA Playground - Alerts And Dialogs Tests > Backdrop Click Section","alertsAndDialogs/alertsAndDialogs.spec.js","",""
"","1796","Scenario Basic Checkbox","chromium","2026-09-06","passed","2026-09-06","QA Playground - Radio And Checkbox - Default Result Text Validations","radioAndCheckbox/radioAndCheckbox-validation.spec.js","",""
"","2793","Cancel Stay Section","chromium","2026-09-06","passed","2026-09-06","QA Playground - Alerts And Dialogs - Button Text Validations","alertsAndDialogs/alertsAndDialogs-validation.spec.js","",""
"","2330","Default Value","chromium","2026-09-06","passed","2026-09-06","QA Playground - Radio And Checkbox Tests > Radio Button Group","radioAndCheckbox/radioAndCheckbox.spec.js","",""
"","4766","Click Open Popup Window","chromium","2026-09-06","passed","2026-09-06","QA Playground - Tabs and Windows Tests > Scenario: Popup","tabsAndWindows/tabsAndWindows.spec.js","",""
"","2686","Default Value","chromium","2026-09-06","passed","2026-09-06","QA Playground - Radio And Checkbox Tests > Scoped Card Controls","radioAndCheckbox/radioAndCheckbox.spec.js","",""
"","2512","Escape Key Section","chromium","2026-09-06","passed","2026-09-06","QA Playground - Alerts And Dialogs - Default Result Text Validations","alertsAndDialogs/alertsAndDialogs-validation.spec.js","",""
"","3220","Account Setup Form Reset Button","chromium","2026-09-06","passed","2026-09-06","QA Playground - Forms Reset Validations","forms/forms-reset.spec.js","",""
"","2111","Scenario Text Links: Garbled 2","chromium","2026-09-06","passed","2026-09-06","QA Playground - Links - Href Attribute Validations","links/links-validation.spec.js","",""
"","3095","Click Got It","chromium","2026-09-06","passed","2026-09-06","QA Playground - Alerts And Dialogs Tests > Assert Content Section","alertsAndDialogs/alertsAndDialogs.spec.js","",""
"","2358","Click Find Location","chromium","2026-09-06","passed","2026-09-06","QA Playground - Buttons Tests > Get Coordinates Section","buttons/buttons.spec.js","",""
"","3099","Click Delete Account","chromium","2026-09-06","passed","2026-09-06","QA Playground - Alerts And Dialogs Tests > Destructive Confirm Section","alertsAndDialogs/alertsAndDialogs.spec.js","",""
"","3444","Validate Pagination Next And Previous Navigation","chromium","2026-09-06","passed","2026-09-06","QA Playground - Data Table Pagination Validation","dataTable/dataTable-pagination.spec.js","",""
"","1943","Get Color Section","chromium","2026-09-06","passed","2026-09-06","QA Playground - Buttons - Button Text Validations","buttons/buttons-validation.spec.js","",""
"","4622","Scenario: Open Tab B","chromium","2026-09-06","passed","2026-09-06","QA Playground - Tabs and Windows Tests > Scenario: Sibling Tabs","tabsAndWindows/tabsAndWindows.spec.js","",""
"","3115","Successful Login","chromium","2026-09-06","passed","2026-09-06","QA Playground - Forms Tests > Login Form","forms/forms-positive.spec.js","",""
"","2421","Scoped Dismiss: Security Alert Section","chromium","2026-09-06","passed","2026-09-06","QA Playground - Alerts And Dialogs - Button Text Validations","alertsAndDialogs/alertsAndDialogs-validation.spec.js","",""
"","4043","Add New Book With Blank ISBN","chromium","2026-09-06","passed","2026-09-06","QA Playground - Data Table - Successful Add Book Validations","dataTable/dataTable-addBook.spec.js","",""
"","2170","Backdrop Click Section","chromium","2026-09-06","passed","2026-09-06","QA Playground - Alerts And Dialogs - Button Text Validations","alertsAndDialogs/alertsAndDialogs-validation.spec.js","",""
"","2504","Destructive Confirm Section","chromium","2026-09-06","passed","2026-09-06","QA Playground - Alerts And Dialogs - Modal Content Validations","alertsAndDialogs/alertsAndDialogs-validation.spec.js","",""
"","2886","Select Write Users","chromium","2026-09-06","passed","2026-09-06","QA Playground - Radio And Checkbox Tests > Dynamic Checkbox List","radioAndCheckbox/radioAndCheckbox.spec.js","",""
"","2652","Click Broken Button","chromium","2026-09-06","passed","2026-09-06","QA Playground - Links Tests > Button Links","links/links.spec.js","",""
"","1965","Right Click Section","chromium","2026-09-06","passed","2026-09-06","QA Playground - Buttons - Default Result Text Validations","buttons/buttons-validation.spec.js","",""
"","2390","Select Pro","chromium","2026-09-06","passed","2026-09-06","QA Playground - Radio And Checkbox Tests > Radio Button Group","radioAndCheckbox/radioAndCheckbox.spec.js","",""
"","2713","Select Read Billing","chromium","2026-09-06","passed","2026-09-06","QA Playground - Radio And Checkbox Tests > Dynamic Checkbox List","radioAndCheckbox/radioAndCheckbox.spec.js","",""
"","3376","Blank First Name","chromium","2026-09-06","passed","2026-09-06","Personal Details Form Validation","forms/forms-negative.spec.js","",""
"","5920","Cancel ISBN Update","chromium","2026-09-06","passed","2026-09-06","QA Playground - Data Table - Cancel Edit Validation","dataTable/dataTable-editBook.spec.js","",""
"","5163","Validate Pagination Navigation","chromium","2026-09-06","passed","2026-09-06","QA Playground - Data Table Pagination Validation","dataTable/dataTable-pagination.spec.js","",""
"","2966","Book Genre Descending Sort","chromium","2026-09-06","passed","2026-09-06","QA Playground - Data Table - Sorting Validation","dataTable/dataTable-sorting.spec.js","",""
"","2062","ISBN Field","chromium","2026-09-06","passed","2026-09-06","QA Playground - Data Table - Add Book Modal Placeholder Validations","dataTable/dataTable-addBook.spec.js","",""
"","2543","Select Fruit","chromium","2026-09-06","passed","2026-09-06","QA Playground - Dropdowns - Default Value Validation","dropdowns/dropdowns-validation.spec.js","",""
"","2850","Book Name Field","chromium","2026-09-06","passed","2026-09-06","QA Playground - Data Table - Add Book Modal Placeholder Validations","dataTable/dataTable-addBook.spec.js","",""
"","2557","Select Heroes","chromium","2026-09-06","passed","2026-09-06","QA Playground - Dropdowns Tests > Heroes Multi-Select","dropdowns/dropdowns.spec.js","",""
"","1997","Click Unauthorized (401)","chromium","2026-09-06","passed","2026-09-06","QA Playground - Links Tests > API Links","links/links.spec.js","",""
"","2907","Blank City","chromium","2026-09-06","passed","2026-09-06","Address Form Validation","forms/forms-negative.spec.js","",""
"","3416","Select Afternoon","chromium","2026-09-06","passed","2026-09-06","QA Playground - Date Picker Tests > Scenario: Date Cards","datePicker/datePicker.spec.js","",""
"","1750","Get Size Section","chromium","2026-09-06","passed","2026-09-06","QA Playground - Buttons - Button Text Validations","buttons/buttons-validation.spec.js","",""
"","2042","Scenario Button Links","chromium","2026-09-06","passed","2026-09-06","QA Playground - Links - Default Result Text Validations","links/links-validation.spec.js","",""
"","2371","Validate Default Book Names","chromium","2026-09-06","passed","2026-09-06","QA Playground - Data Table - Structure Validation","dataTable/dataTable-structure.spec.js","",""
"","5565","Edit Published Successfully","chromium","2026-09-06","passed","2026-09-06","QA Playground - Data Table - Successful Edit Validations","dataTable/dataTable-editBook.spec.js","",""
"","2759","Blank Account Setup Fields","chromium","2026-09-06","passed","2026-09-06","Account Setup Form Validation","forms/forms-negative.spec.js","",""
"","3002","Select Read Users","chromium","2026-09-06","passed","2026-09-06","QA Playground - Radio And Checkbox Tests > Dynamic Checkbox List","radioAndCheckbox/radioAndCheckbox.spec.js","",""
"","2213","Close Info Dialog Section","chromium","2026-09-06","passed","2026-09-06","QA Playground - Alerts And Dialogs - Modal Content Validations","alertsAndDialogs/alertsAndDialogs-validation.spec.js","",""
"","3125","No Append Text then Press Tab","chromium","2026-09-06","passed","2026-09-06","QA Playground - Input Fields Tests > Scenario Append Tab","inputFields/inputFields.spec.js","",""
"","3436","Scenario: Click Tab A Focus","chromium","2026-09-06","passed","2026-09-06","QA Playground - Tabs and Windows Tests > Scenario: Dynamic","tabsAndWindows/tabsAndWindows.spec.js","",""
"","2331","Read-Only Field","chromium","2026-09-06","passed","2026-09-06","QA Playground - Input Fields Tests > Scenario Read-Only Input","inputFields/inputFields.spec.js","",""
"","2290","Scenario: Assert New Tab URL and Title","chromium","2026-09-06","passed","2026-09-06","QA Playground - Tabs and Windows - Default Value Validation","tabsAndWindows/tabsAndWindows-validation.spec.js","",""
"","2539","Default Value","chromium","2026-09-06","passed","2026-09-06","QA Playground - Radio And Checkbox Tests > Checkbox Group","radioAndCheckbox/radioAndCheckbox.spec.js","",""
"","2173","Scenario External Links: Automation Notes","chromium","2026-09-06","passed","2026-09-06","QA Playground - Links - Target Attribute Validations","links/links-validation.spec.js","",""
"","2712","Select Pro","chromium","2026-09-06","passed","2026-09-06","QA Playground - Radio And Checkbox Tests > Scoped Card Controls","radioAndCheckbox/radioAndCheckbox.spec.js","",""
"","3502","Add New Book With Blank Published","chromium","2026-09-06","passed","2026-09-06","QA Playground - Data Table - Successful Add Book Validations","dataTable/dataTable-addBook.spec.js","",""
"","2106","Select Language","chromium","2026-09-06","passed","2026-09-06","QA Playground - Dropdowns - Default Value Validation","dropdowns/dropdowns-validation.spec.js","",""
"","2561","Enter Valid Date","chromium","2026-09-06","passed","2026-09-06","QA Playground - Date Picker Tests > Scenario: Date Input","datePicker/datePicker.spec.js","",""
"","8757","Click All Tabs","chromium","2026-09-06","passed","2026-09-06","QA Playground - Tabs and Windows Tests > Scenario: Multiple Tabs","tabsAndWindows/tabsAndWindows.spec.js","",""
"","5813","Edit Genre Successfully","chromium","2026-09-06","passed","2026-09-06","QA Playground - Data Table - Successful Edit Validations","dataTable/dataTable-editBook.spec.js","",""
"","6584","Cancel All Fields Update","chromium","2026-09-06","passed","2026-09-06","QA Playground - Data Table - Cancel Edit Validation","dataTable/dataTable-editBook.spec.js","",""
"","2599","Book ISBN Descending Sort","chromium","2026-09-06","passed","2026-09-06","QA Playground - Data Table - Sorting Validation","dataTable/dataTable-sorting.spec.js","",""
"","3034","Click Got It","chromium","2026-09-06","passed","2026-09-06","QA Playground - Alerts And Dialogs Tests > Close Info Dialog Section","alertsAndDialogs/alertsAndDialogs.spec.js","",""
"","5785","Select Date","chromium","2026-09-06","passed","2026-09-06","QA Playground - Date Picker Tests > Scenario: Calendar Select","datePicker/datePicker.spec.js","",""
"","3077","UnCheck Accept Terms If Checked","chromium","2026-09-06","passed","2026-09-06","QA Playground - Radio And Checkbox Tests > Basic Checkbox","radioAndCheckbox/radioAndCheckbox.spec.js","",""
"","3394","Address Form Reset Button","chromium","2026-09-06","passed","2026-09-06","QA Playground - Forms Reset Validations","forms/forms-reset.spec.js","",""
"","2348","Default Value","chromium","2026-09-06","passed","2026-09-06","QA Playground - Radio And Checkbox Tests > Assert Checked State","radioAndCheckbox/radioAndCheckbox.spec.js","",""
"","2949","Click X","chromium","2026-09-06","passed","2026-09-06","QA Playground - Alerts And Dialogs Tests > Close Info Dialog Section","alertsAndDialogs/alertsAndDialogs.spec.js","",""
"","2007","Scenario: Open Multiple Tabs","chromium","2026-09-06","passed","2026-09-06","QA Playground - Tabs and Windows - Default Value Validation","tabsAndWindows/tabsAndWindows-validation.spec.js","",""
"","2538","Scenario: Repeated Date Cards (Scoped)","chromium","2026-09-06","passed","2026-09-06","QA Playground - Date Picker - Default Value Validation","datePicker/datePicker-validation.spec.js","",""
"","1720","Scenario Image Links","chromium","2026-09-06","passed","2026-09-06","QA Playground - Links - Default Result Text Validations","links/links-validation.spec.js","",""
"","6736","Click One Tab Only","chromium","2026-09-06","passed","2026-09-06","QA Playground - Tabs and Windows Tests > Scenario: Multiple Tabs","tabsAndWindows/tabsAndWindows.spec.js","",""
"","2708","Blank Password","chromium","2026-09-06","passed","2026-09-06","Login Form Validation","forms/forms-negative.spec.js","",""
"","3487","Destructive Confirm Section","chromium","2026-09-06","passed","2026-09-06","QA Playground - Alerts And Dialogs - Button Text Validations","alertsAndDialogs/alertsAndDialogs-validation.spec.js","",""
"","2776","Select All Write Options","chromium","2026-09-06","passed","2026-09-06","QA Playground - Radio And Checkbox Tests > Dynamic Checkbox List","radioAndCheckbox/radioAndCheckbox.spec.js","",""
"","3282","Select Morning","chromium","2026-09-06","passed","2026-09-06","QA Playground - Date Picker Tests > Scenario: Date Cards","datePicker/datePicker.spec.js","",""
"","2665","Search Existing Book Name With Incorrect Genre","chromium","2026-09-06","passed","2026-09-06","QA Playground - Data Table - Unsuccessful Search Validations","dataTable/dataTable-search.spec.js","",""
"","3953","Delete Book Modal Displays Correct Message","chromium","2026-09-06","passed","2026-09-06","QA Playground - Data Table - Delete Book Modal","dataTable/dataTable-deleteBook.spec.js","",""
"","3698","Invalid Phone","chromium","2026-09-06","passed","2026-09-06","Personal Details Form Validation","forms/forms-negative.spec.js","",""
"","4256","Click Open Tab","chromium","2026-09-06","passed","2026-09-06","QA Playground - Tabs and Windows Tests > Scenario: Close Tab","tabsAndWindows/tabsAndWindows.spec.js","",""
"","2732","UnCheck Accept Terms If Checked","chromium","2026-09-06","passed","2026-09-06","QA Playground - Radio And Checkbox Tests > Assert Checked State","radioAndCheckbox/radioAndCheckbox.spec.js","",""
"","2472","Click Select Last","chromium","2026-09-06","passed","2026-09-06","QA Playground - Dropdowns Tests > Language Dropdown","dropdowns/dropdowns.spec.js","",""
"","2231","Default Value of Scenario Clear Field","chromium","2026-09-06","passed","2026-09-06","QA Playground - Input Fields Default Value Validations","inputFields/inputFields-validation.spec.js","",""
"","2421","Scenario: Basic Date Input","chromium","2026-09-06","passed","2026-09-06","QA Playground - Date Picker - Default Value Validation","datePicker/datePicker-validation.spec.js","",""
"","2806","Validate Attribute","chromium","2026-09-06","passed","2026-09-06","QA Playground - Buttons Tests > Disabled Section","buttons/buttons.spec.js","",""
"","2845","Cancel Stay Section","chromium","2026-09-06","passed","2026-09-06","QA Playground - Alerts And Dialogs - Modal Content Validations","alertsAndDialogs/alertsAndDialogs-validation.spec.js","",""
"","2132","Scenario Text Links","chromium","2026-09-06","passed","2026-09-06","QA Playground - Links - Default Result Text Validations","links/links-validation.spec.js","",""
"","4735","Validate Popup Window","chromium","2026-09-06","passed","2026-09-06","QA Playground - Tabs and Windows Tests > Scenario: Popup","tabsAndWindows/tabsAndWindows.spec.js","",""
"","1957","Scenario External Links: Complete Course","chromium","2026-09-06","passed","2026-09-06","QA Playground - Links - Href Attribute Validations","links/links-validation.spec.js","",""
"","2932","Select Only Two","chromium","2026-09-06","passed","2026-09-06","QA Playground - Radio And Checkbox Tests > Checkbox Group","radioAndCheckbox/radioAndCheckbox.spec.js","",""
"","1870","Close Info Dialog Section","chromium","2026-09-06","passed","2026-09-06","QA Playground - Alerts And Dialogs - Default Result Text Validations","alertsAndDialogs/alertsAndDialogs-validation.spec.js","",""
"","1724","Scenario Assert Checked State","chromium","2026-09-06","passed","2026-09-06","QA Playground - Radio And Checkbox - Option Label Validations","radioAndCheckbox/radioAndCheckbox-validation.spec.js","",""
"","2939","Select Previous Month","chromium","2026-09-06","passed","2026-09-06","QA Playground - Date Picker Tests > Scenario: Month Navigation","datePicker/datePicker.spec.js","",""
"","3228","Select Priority","chromium","2026-09-06","passed","2026-09-06","QA Playground - Dropdowns Tests > Custom Priority","dropdowns/dropdowns.spec.js","",""
"","2866","Validate Attribute","chromium","2026-09-06","passed","2026-09-06","QA Playground - Date Picker Tests > Scenario: Min-Max Dates","datePicker/datePicker.spec.js","",""
"","2018","Scenario API Links","chromium","2026-09-06","passed","2026-09-06","QA Playground - Links - Default Result Text Validations","links/links-validation.spec.js","",""
"","2586","Uncheck Subscribe Newsletter","chromium","2026-09-06","passed","2026-09-06","QA Playground - Radio And Checkbox Tests > Assert Checked State","radioAndCheckbox/radioAndCheckbox.spec.js","",""
"","2110","Scenario Disabled Controls","chromium","2026-09-06","passed","2026-09-06","QA Playground - Radio And Checkbox - Option Label Validations","radioAndCheckbox/radioAndCheckbox-validation.spec.js","",""
"","2430","Scenario: Dynamic Date Display","chromium","2026-09-06","passed","2026-09-06","QA Playground - Date Picker - Default Value Validation","datePicker/datePicker-validation.spec.js","",""
"","3259","Uncheck Marketing Emails","chromium","2026-09-06","passed","2026-09-06","QA Playground - Radio And Checkbox Tests > Sibling Located Controls","radioAndCheckbox/radioAndCheckbox.spec.js","",""
"","3725","Click About Us","chromium","2026-09-06","passed","2026-09-06","QA Playground - Links Tests > Internal Links","links/links.spec.js","",""
"","2440","Scenario: Disabled / Min-Max Dates","chromium","2026-09-06","passed","2026-09-06","QA Playground - Date Picker - Default Value Validation","datePicker/datePicker-validation.spec.js","",""
"","6220","Click Complete Course","chromium","2026-09-06","passed","2026-09-06","QA Playground - Links Tests > External Links","links/links.spec.js","",""
"","2926","Uncheck Weekly Digest","chromium","2026-09-06","passed","2026-09-06","QA Playground - Radio And Checkbox Tests > Sibling Located Controls","radioAndCheckbox/radioAndCheckbox.spec.js","",""
"","2183","Select Language options","chromium","2026-09-06","passed","2026-09-06","QA Playground - Dropdowns Options Validation","dropdowns/dropdowns-validation.spec.js","",""
"","2685","Validate Next Button Disabled On Last Page","chromium","2026-09-06","passed","2026-09-06","QA Playground - Data Table Pagination Validation","dataTable/dataTable-pagination.spec.js","",""
"","3274","Click Garbled 2","chromium","2026-09-06","passed","2026-09-06","QA Playground - Links Tests > Text Links","links/links.spec.js","",""
"","3525","Author Required Validation","chromium","2026-09-06","passed","2026-09-06","QA Playground - Data Table - Unsuccessful Add Book Validations","dataTable/dataTable-addBook.spec.js","",""
"","2902","Session Expiring Soon","chromium","2026-09-06","passed","2026-09-06","QA Playground - Alerts And Dialogs Tests > Scoped Dismiss Section","alertsAndDialogs/alertsAndDialogs.spec.js","",""
"","2045","Scenario Image Links: Broken Image","chromium","2026-09-06","passed","2026-09-06","QA Playground - Links - Href Attribute Validations","links/links-validation.spec.js","",""
"","6167","Edit All Fields Successfully","chromium","2026-09-06","passed","2026-09-06","QA Playground - Data Table - Successful Edit Validations","dataTable/dataTable-editBook.spec.js","",""
"","2772","Select WebdriverIO","chromium","2026-09-06","passed","2026-09-06","QA Playground - Radio And Checkbox Tests > Checkbox Group","radioAndCheckbox/radioAndCheckbox.spec.js","",""
"","2242","Scenario: Month Navigation","chromium","2026-09-06","passed","2026-09-06","QA Playground - Date Picker - Default Value Validation","datePicker/datePicker-validation.spec.js","",""
"","2947","Enter Start Date And End Date","chromium","2026-09-06","passed","2026-09-06","QA Playground - Date Picker Tests > Scenario: Date Range","datePicker/datePicker.spec.js","",""
"","2521","Book Published Ascending Sort","chromium","2026-09-06","passed","2026-09-06","QA Playground - Data Table - Sorting Validation","dataTable/dataTable-sorting.spec.js","",""
"","2147","Disabled Field","chromium","2026-09-06","passed","2026-09-06","QA Playground - Input Fields Tests > Scenario Disabled Input","inputFields/inputFields.spec.js","",""
"","3319","Blank Password And Confirm Password","chromium","2026-09-06","passed","2026-09-06","Account Setup Form Validation","forms/forms-negative.spec.js","",""
"","3160","Click Same Tab","chromium","2026-09-06","passed","2026-09-06","QA Playground - Links Tests > Broken Links","links/links.spec.js","",""
"","2108","Scenario: Sibling Tab Buttons","chromium","2026-09-06","passed","2026-09-06","QA Playground - Tabs and Windows - Default Value Validation","tabsAndWindows/tabsAndWindows-validation.spec.js","",""
"","3499","Blank Password","chromium","2026-09-06","passed","2026-09-06","Account Setup Form Validation","forms/forms-negative.spec.js","",""
"","2968","Search Existing Author","chromium","2026-09-06","passed","2026-09-06","QA Playground - Data Table - Successful Search Validations","dataTable/dataTable-search.spec.js","",""
"","2125","Read Field Input is Read-Only","chromium","2026-09-06","passed","2026-09-06","QA Playground - Input Fields Tests > Scenario Read Value","inputFields/inputFields.spec.js","",""
"","2614","Check SMS Alerts","chromium","2026-09-06","passed","2026-09-06","QA Playground - Radio And Checkbox Tests > Sibling Located Controls","radioAndCheckbox/radioAndCheckbox.spec.js","",""
"","2600","Confirm Action Section","chromium","2026-09-06","passed","2026-09-06","QA Playground - Alerts And Dialogs - Default Result Text Validations","alertsAndDialogs/alertsAndDialogs-validation.spec.js","",""
"","2512","Select Country","chromium","2026-09-06","passed","2026-09-06","QA Playground - Dropdowns Tests > Country Dropdown","dropdowns/dropdowns.spec.js","",""
"","2049","Double Click Section","chromium","2026-09-06","passed","2026-09-06","QA Playground - Buttons - Default Result Text Validations","buttons/buttons-validation.spec.js","",""
"","3132","Blank Email and Password","chromium","2026-09-06","passed","2026-09-06","Login Form Validation","forms/forms-negative.spec.js","",""
"","1817","Scenario Button Links: Broken Button","chromium","2026-09-06","passed","2026-09-06","QA Playground - Links - Href Attribute Validations","links/links-validation.spec.js","",""
"","3140","Select Priority via getter","chromium","2026-09-06","passed","2026-09-06","QA Playground - Dropdowns Tests > Custom Priority","dropdowns/dropdowns.spec.js","",""
"","1835","Scenario Button Links: Broken Link Button","chromium","2026-09-06","passed","2026-09-06","QA Playground - Links - Href Attribute Validations","links/links-validation.spec.js","",""
"","1871","Click Empty Href","chromium","2026-09-06","passed","2026-09-06","QA Playground - Links Tests > Broken Links","links/links.spec.js","",""
"","2360","Deselect Heroes","chromium","2026-09-06","passed","2026-09-06","QA Playground - Dropdowns Tests > Heroes Multi-Select","dropdowns/dropdowns.spec.js","",""
"","2278","Scenario: Open Link in New Tab","chromium","2026-09-06","passed","2026-09-06","QA Playground - Tabs and Windows - Default Value Validation","tabsAndWindows/tabsAndWindows-validation.spec.js","",""
"","2205","Validate Column Headers","chromium","2026-09-06","passed","2026-09-06","QA Playground - Data Table - Structure Validation","dataTable/dataTable-structure.spec.js","",""
"","2691","Clear Input Field via button","chromium","2026-09-06","passed","2026-09-06","QA Playground - Input Fields Tests > Scenario Clear Field","inputFields/inputFields.spec.js","",""
"","2647","Select Delete All","chromium","2026-09-06","passed","2026-09-06","QA Playground - Radio And Checkbox Tests > Dynamic Checkbox List","radioAndCheckbox/radioAndCheckbox.spec.js","",""
"","3311","Enter Appointment Date And Return Date","chromium","2026-09-06","passed","2026-09-06","QA Playground - Date Picker Tests > Scenario: Sibling Date Field","datePicker/datePicker.spec.js","",""
"","3549","Click Fill Again","chromium","2026-09-06","passed","2026-09-06","QA Playground - Forms Tests > Account Setup Form","forms/forms-positive.spec.js","",""
"","5577","Edit Author Successfully","chromium","2026-09-06","passed","2026-09-06","QA Playground - Data Table - Successful Edit Validations","dataTable/dataTable-editBook.spec.js","",""
"","2344","Backdrop Click Section","chromium","2026-09-06","passed","2026-09-06","QA Playground - Alerts And Dialogs - Default Result Text Validations","alertsAndDialogs/alertsAndDialogs-validation.spec.js","",""
"","2157","Select Fruit","chromium","2026-09-06","passed","2026-09-06","QA Playground - Dropdowns Tests > Fruit Dropdown","dropdowns/dropdowns.spec.js","",""
"","7063","Click Two Tabs","chromium","2026-09-06","passed","2026-09-06","QA Playground - Tabs and Windows Tests > Scenario: Multiple Tabs","tabsAndWindows/tabsAndWindows.spec.js","",""
"","1878","Scenario Sibling","chromium","2026-09-06","passed","2026-09-06","QA Playground - Radio And Checkbox - Default Result Text Validations","radioAndCheckbox/radioAndCheckbox-validation.spec.js","",""
"","2266","Scoped Dismiss: Low Disk Space Section","chromium","2026-09-06","passed","2026-09-06","QA Playground - Alerts And Dialogs - Default Result Text Validations","alertsAndDialogs/alertsAndDialogs-validation.spec.js","",""
"","3581","Mismatched Password And Confirm Password","chromium","2026-09-06","passed","2026-09-06","Account Setup Form Validation","forms/forms-negative.spec.js","",""
"","2620","Select Cypress","chromium","2026-09-06","passed","2026-09-06","QA Playground - Radio And Checkbox Tests > Checkbox Group","radioAndCheckbox/radioAndCheckbox.spec.js","",""
"","2856","Read Value Field","chromium","2026-09-06","passed","2026-09-06","QA Playground - Input Fields Tests > Scenario Read Value","inputFields/inputFields.spec.js","",""
"","3230","Right Click Button","chromium","2026-09-06","passed","2026-09-06","QA Playground - Buttons Tests > Right Click Section","buttons/buttons.spec.js","",""
"","2928","Select Starter","chromium","2026-09-06","passed","2026-09-06","QA Playground - Radio And Checkbox Tests > Scoped Card Controls","radioAndCheckbox/radioAndCheckbox.spec.js","",""
"","2041","Navigate Home Section","chromium","2026-09-06","passed","2026-09-06","QA Playground - Buttons - Button Text Validations","buttons/buttons-validation.spec.js","",""
